21,21,54793,54253,56819,71756,86,62,98529,90390,805,939,1
20,8,47882,43528,55515,51920,62,85,71834,78238,806,842,1
22,26,65180,72325,111634,102633,91,113,145150,147430,1099,1085,0
28,16,48372,39725,63891,50266,63,57,82456,78126,668,593,1
33,26,67689,57602,101718,88321,107,119,121396,128261,923,890,1
16,35,43742,60276,61191,79173,68,73,102240,87173,646,852,0
19,39,45414,58001,67468,81015,52,72,100736,95043,730,807,0
24,7,53240,38212,58364,46984,74,71,80209,83309,835,719,1
32,35,51656,54189,92194,86850,79,60,104814,116254,712,767,0
11,30,35226,46478,44617,72214,66,56,92636,71699,563,650,0
36,23,65999,56276,117304,80927,89,104,107907,139382,900,875,1
10,28,31572,41333,36945,55954,42,41,70202,55099,533,590,0
7,20,28834,37569,25193,42439,38,36,58014,42870,524,617,0
7,6,31010,24690,34866,26536,34,34,42076,46858,453,433,1
44,21,71361,58483,97838,81498,104,104,122204,130092,1073,950,1
7,22,34880,46776,38088,42267,55,53,58844,62483,709,752,0
5,22,34057,46081,34371,57832,57,62,77333,58367,705,751,0
58,40,80450,73709,173291,121944,124,108,153833,206900,963,990,1
24,13,41221,30853,50662,38163,50,53,58683,64115,581,497,1
21,29,57398,65097,75985,104374,87,111,134512,103338,1025,968,0
34,18,69527,57829,97615,80930,107,116,115571,121194,1065,980,1
19,16,67695,58323,83910,70253,107,99,114770,112555,1129,1085,1
38,16,60009,45777,77963,61090,91,86,99818,96928,826,750,1
35,17,50262,41615,86222,57204,60,51,83261,105746,716,662,1
2,6,27518,39017,34227,44389,42,40,57274,59608,492,601,0
32,15,53482,41443,76830,53733,88,71,80719,101336,749,735,1
5,10,50816,43554,68375,53744,49,69,94429,85492,813,719,1
14,28,57896,70611,57491,72999,126,120,94539,92333,1085,1185,0
34,20,60099,51272,98222,67053,95,81,96883,125775,827,778,1
32,15,65126,54109,97123,68328,120,109,94921,129054,985,964,1
16,6,32087,24263,29607,32206,39,34,45703,39659,497,441,1
24,33,57805,63160,85901,76657,109,117,103315,109342,942,931,0
30,24,59087,50607,85853,65727,77,106,93970,105190,907,789,1
40,18,73763,58574,114488,76519,107,88,126052,138443,1136,1033,1
25,16,66528,59487,89284,73876,109,120,105463,109723,987,1039,1
37,38,62349,65418,95181,92877,81,69,114843,122598,894,881,0
9,23,34468,46347,39123,51416,51,63,65020,66563,667,735,0
7,18,33738,42566,33714,37878,69,68,57792,60221,688,705,0
31,44,69334,81245,115233,132139,117,116,167485,158316,1079,1163,0
37,12,48962,33239,63122,43625,58,45,71782,73357,668,540,1
19,37,44245,58562,65131,89775,58,66,111451,100675,662,809,0
41,34,69949,70583,132564,122530,113,116,156198,168456,971,922,1
3,26,20587,34876,19749,38713,32,36,46294,36800,357,563,0
26,4,50905,37186,52137,32804,75,79,62838,68536,816,724,1
14,38,52184,66674,69312,101655,85,120,125361,109273,889,981,0
12,31,45229,57345,68178,72679,71,75,93629,93520,812,819,0
5,2,33366,40320,32930,47024,56,60,62017,52583,569,628,0
25,10,48515,41251,59390,40908,72,55,69171,79308,807,797,1
11,21,44364,52000,47499,72991,72,70,102834,71385,819,821,0
28,33,60763,68687,90720,117006,77,94,133424,135904,945,1039,0
26,39,59206,67067,82352,102290,101,120,125384,108707,954,923,0
35,18,57002,45578,89901,75264,64,68,101913,107315,792,693,1
28,9,39507,27407,43596,32301,40,34,52245,54615,539,454,1
18,38,35132,50195,49632,64347,51,55,78389,75777,536,630,0
22,35,64313,68959,95910,112139,119,109,138137,124420,989,1060,0
10,3,50006,36956,66079,46898,54,56,72812,80442,715,627,1
31,17,58532,44573,88132,76253,78,67,108781,104858,789,748,1
43,19,55948,41653,89035,55296,66,53,76936,106037,700,598,1
25,25,52193,58824,73108,77379,87,90,104361,99019,856,874,0
13,23,40252,47562,50863,57955,37,64,76931,72356,646,717,0
15,22,38530,42450,54125,51142,49,53,66794,74653,660,631,0
7,26,24902,38059,35820,37485,36,46,45860,54462,419,543,0
24,29,59929,65030,63912,82966,97,97,106839,88531,1010,951,0
25,14,57920,49248,73756,50962,88,58,85368,95572,899,857,1
8,2,70544,60480,84189,64195,117,91,93064,106317,1002,931,1
7,4,50478,36360,64894,51874,62,39,77959,78212,660,566,1
3,15,22192,33037,20921,36131,28,33,45527,37800,381,460,0
21,13,40001,32787,49494,35318,62,51,51611,63535,544,527,1
34,25,59456,48530,76968,72628,85,92,98834,98711,760,638,1
14,33,55004,65500,63271,104184,106,91,132112,101831,975,900,0
9,6,29878,25600,19357,18212,45,48,29555,36570,523,494,1
12,26,40453,52009,39348,50485,82,89,67274,64794,671,824,0
17,22,41946,49393,47347,68270,84,83,84792,73156,699,797,0
10,25,29160,41929,26871,50321,37,44,64591,45525,474,522,0
31,32,62282,68613,95135,110094,98,107,140094,119066,918,905,0
16,20,39032,45103,45325,50333,71,54,68644,65519,625,662,0
32,25,66297,63355,90026,90229,104,107,111416,113159,1033,961,1
25,34,51183,63405,72198,94389,82,88,113014,94338,780,832,0
11,19,61032,72098,68896,68102,121,127,96134,115559,1262,1314,0
11,33,38716,52521,48422,67508,52,69,84550,76665,664,736,0
22,23,55115,60770,69736,83650,99,89,108227,99588,954,937,0
20,5,40414,26852,41396,26578,56,37,47846,53113,612,485,1
44,26,65589,51398,116237,88881,75,70,120418,142143,864,742,1
4,7,64122,55033,70522,60625,125,116,97821,98321,1059,992,1
23,28,54504,58710,70095,74084,77,99,106905,89871,886,861,0
27,17,48611,39504,59102,38540,67,51,56570,73576,683,560,1
9,28,34540,47259,40686,62334,43,54,74597,62259,629,611,0
12,28,32812,46463,32996,54507,44,44,69400,60003,513,671,0
5,2,35297,30031,32532,27003,53,29,42013,46687,550,594,1
23,33,50186,63964,73564,96934,95,92,115970,110211,764,982,0
17,29,43405,51445,48042,54168,53,52,77239,68352,658,718,0
3,30,23483,38685,23721,48620,30,31,61209,45958,409,503,0
12,31,35347,51843,48345,69682,41,77,85100,76034,618,724,0
40,19,68725,58460,97163,90326,127,94,119681,127597,926,1035,1
15,24,42173,50444,51023,68434,69,58,92090,72422,707,729,0
28,20,63027,57703,106741,68740,76,92,96830,140603,943,921,1
24,14,56188,49112,71489,59839,87,68,86036,96947,861,842,1
37,24,85118,81030,119085,123503,160,198,158588,144870,1320,1235,1
40,16,58393,41654,87950,61300,78,60,94918,106022,789,607,1
30,17,54733,41025,91981,59800,81,71,95324,113627,750,621,1
40,21,56027,45395,91266,62941,67,66,92773,108000,718,661,1
10,6,44202,51442,74479,59073,81,87,80008,94348,670,749,0
16,34,48488,61387,71400,76798,70,77,95012,109981,774,958,0
38,38,72711,77982,132141,158620,110,102,193280,162277,1093,992,0
12,38,48855,63611,65891,103737,89,114,131055,98772,875,897,0
12,34,43049,58777,60005,75529,81,84,99664,92234,776,816,0
5,2,53635,40244,58819,39680,52,65,66041,76218,812,706,1
22,14,43349,37988,55887,44859,66,44,64965,69496,649,580,1
27,35,59075,59405,88147,86722,79,109,113502,113187,669,826,1
26,39,57669,62189,77383,90663,73,104,114770,97835,787,761,0
34,15,61504,48096,68606,73054,83,82,103529,97626,813,788,1
42,35,73472,66593,115858,111226,126,96,142843,137727,998,849,1
15,7,54190,43599,48433,31640,111,107,59467,67950,1000,903,1
15,5,40788,54894,50918,70112,87,68,91442,72443,777,771,0
43,22,63596,52861,99704,85897,82,87,116326,124112,796,764,1
35,23,76841,59691,106240,81063,130,101,114563,134143,1001,991,1
14,30,49824,57172,58187,77882,89,98,96689,82321,777,816,0
12,7,50709,62786,70176,83751,77,76,107287,100779,847,901,0
40,11,54018,37387,68298,51230,70,59,78622,85312,715,614,1
34,8,46692,32696,64335,38315,71,52,74508,76526,604,522,1
4,14,25483,34340,24204,33752,41,43,43116,39529,517,607,0
4,10,81620,77705,124409,107859,135,126,141563,163636,1223,1207,1
39,16,56344,44225,79280,61900,55,70,82114,95676,757,687,1
9,23,25768,36093,28182,41012,39,41,53006,50291,366,457,0
26,29,56552,53983,78382,64278,85,78,91516,100184,826,785,1
24,3,30814,16982,32286,17654,25,19,31018,38258,375,202,1
47,24,65678,49101,104480,85804,82,74,123488,120501,859,672,1
24,13,47188,37981,58834,45833,60,73,67480,75972,714,634,1
33,17,62961,52337,81075,71584,106,127,97529,103828,849,860,1
23,8,53163,40070,57076,37870,82,65,65304,79246,791,729,1
10,6,54302,41961,77362,57445,78,81,86603,88739,812,674,1
14,34,44581,57587,50246,71329,82,86,88042,86574,754,854,0
32,25,63843,60151,82870,101225,93,83,130851,112840,868,901,1
33,26,71318,67226,121099,98862,132,87,131864,149846,1066,1169,1
23,40,44647,58785,66608,91852,75,74,110380,97113,605,732,0
36,17,54561,42399,67375,56991,68,85,83226,89258,718,673,1
26,22,52745,45464,71594,52922,82,87,76099,87180,745,715,1
36,21,66458,54596,89150,71009,82,74,112478,113313,962,882,1
41,18,60368,47167,90323,63639,91,85,100418,110479,794,745,1
30,28,58617,63294,100469,99416,94,89,127784,126400,902,907,0
11,27,39509,48136,44368,56995,78,70,72622,62031,677,719,0
25,11,46323,34534,58620,41807,50,52,62861,71188,658,589,1
8,5,57171,47268,55896,43595,75,86,74661,73157,888,900,1
6,19,30671,42068,38462,50694,55,60,63462,59974,531,679,0
19,29,61135,70495,79320,97827,102,122,130531,107242,1079,1071,0
6,9,54346,50664,81202,80566,64,90,107731,102040,778,880,1
19,29,49243,57630,64570,62264,77,85,80145,92103,815,835,0
28,25,81215,75885,116801,108131,150,112,150789,160923,1320,1250,1
17,23,66746,66827,98722,80505,116,111,112084,130533,1126,1121,1
34,16,61814,52580,71690,80025,100,89,107342,95845,902,836,1
27,9,48676,36452,58461,39320,52,51,62602,76919,665,622,1
37,25,83382,80043,122698,101329,146,128,138966,156641,1199,1244,1
9,8,47909,41505,58928,50784,68,65,74113,80626,731,688,1
25,26,55119,61450,80116,96098,89,101,116092,120572,755,1004,0
33,38,80876,74429,124202,119764,94,136,162515,157641,1111,1041,1
28,29,43979,41199,59066,54775,0,0,70028,62272,150,129,1
25,17,55153,48166,76470,49679,89,87,81059,97640,869,820,1
34,27,52347,42949,74332,58095,51,56,76324,89839,675,558,1
39,20,59166,47916,91412,66387,52,64,92381,111302,714,683,1
12,28,45405,58903,58085,79246,76,73,98305,89621,778,887,0
6,6,29837,39951,30090,47379,48,51,56793,49123,504,609,0
19,39,56395,68186,73058,100647,92,76,126856,103083,906,1035,0
19,3,33209,24014,36453,20124,31,39,36206,48976,511,444,1
29,30,72250,73378,113474,100677,89,135,133945,150433,1064,1194,0
21,6,42697,31459,36782,29145,73,62,51392,50963,641,621,1
10,18,31633,39145,36686,50269,53,52,62506,53259,514,581,0
18,6,51287,39620,44757,37197,83,99,56634,67422,895,804,1
11,34,41283,59324,60755,82334,93,65,101534,89939,690,831,0
27,15,56373,46409,70773,48820,79,68,67745,95703,850,804,1
21,26,55794,67697,88077,84007,80,94,108414,122409,877,1043,0
10,16,37760,42030,35107,41819,48,80,58507,57320,687,708,0
39,36,81316,77252,121054,124668,114,109,159522,151554,1044,1113,1
22,34,64321,71851,84653,93390,110,96,130342,109668,1078,1069,0
30,21,51224,40913,63600,51707,66,48,81800,77935,742,547,1
29,31,66390,75314,118876,123748,124,121,152009,154628,996,1115,0
37,23,71065,59623,114886,82391,149,121,118817,139684,967,917,1
3,4,46657,34951,45816,57089,58,57,84844,54398,773,572,1
5,25,22536,39982,27190,44648,42,34,53071,46811,319,537,0
16,30,43767,54876,68016,68902,57,79,89819,96945,695,799,0
13,26,48874,58893,53776,86047,79,88,105730,85661,878,925,0
33,42,60169,68894,102410,123335,83,84,149901,141472,768,935,0
9,18,35273,47168,34253,50417,63,75,64662,57628,620,730,0
2,6,45640,37935,33080,31284,81,88,52875,50472,814,791,1
8,11,63745,59215,83355,67097,98,99,92916,104644,988,1014,1
11,31,44483,50296,47698,73822,63,73,90803,80885,750,760,0
27,12,49495,42836,74947,56907,70,61,86640,91830,676,681,1
24,10,50634,41514,58889,46921,76,79,73974,76195,844,752,1
29,16,57112,48364,75782,67556,63,85,96980,101115,813,829,1
22,37,46178,54585,65545,72836,67,71,93305,91972,655,657,0
16,33,41925,55817,54249,73127,67,57,91006,89473,642,779,0
8,17,40812,53545,43891,59024,99,89,77417,70423,803,881,0
1,4,27580,15728,17834,12603,18,16,27546,23374,415,239,1
23,8,42662,32083,42874,39912,51,46,59700,61250,587,544,1
25,17,52756,47653,61475,44305,90,80,69254,80552,759,769,1
14,44,35103,54407,52161,88694,44,50,100823,80842,481,637,0
29,33,74159,71097,92953,99355,96,89,134915,122304,1154,1055,1
17,33,56253,65962,71552,79017,97,100,104255,101014,928,970,0
6,6,53343,42630,64704,56333,77,83,82494,85236,862,770,1
6,17,34451,48940,30688,61492,46,69,85836,58445,659,761,0
34,11,50845,36339,65679,42885,50,42,64458,82344,608,571,1
18,27,56437,67124,76763,83521,84,92,111891,104001,993,979,0
7,5,62665,56070,75630,64883,97,105,93301,99332,978,989,1
12,19,67377,66579,69249,84608,122,146,116950,108788,1183,1091,0
26,6,44687,26972,54946,27505,51,39,50282,64708,631,419,1
24,9,59285,50542,80707,75779,75,72,116120,111803,781,920,1
25,5,39012,28762,47346,31495,46,45,62131,60191,510,494,1
5,6,54109,65006,76472,76496,103,118,91791,105966,945,1008,0
10,18,53450,61590,56119,66612,97,121,94316,83905,1023,1007,0
24,8,39217,28717,47517,32873,54,39,50962,60324,556,466,1
22,13,50705,44801,52242,41159,81,97,58806,74707,797,787,1
24,18,73209,75478,105009,127693,164,152,157522,149686,1251,1169,0
27,10,54213,41815,67607,67289,75,91,96457,93151,823,695,1
11,27,40892,52757,38675,57629,58,76,72498,67859,707,743,0
25,23,64780,67508,77015,81493,112,96,100549,110732,995,1106,0
16,27,52015,59952,89092,83650,92,85,108784,114567,879,946,0
39,17,59121,42281,86972,49141,71,76,78143,105611,744,596,1
30,11,50592,39098,64435,44633,64,51,68895,83780,727,678,1
28,39,56961,67142,86231,118804,83,91,143180,116687,869,915,0
14,30,46999,61344,55561,78370,85,68,97764,85656,773,912,0
11,22,41161,53887,45886,69957,77,66,93607,76952,752,865,0
39,10,49896,35105,70648,51364,46,58,82615,80611,670,468,1
36,19,60368,46568,80987,61879,69,88,86297,101706,792,677,1
12,36,35702,49291,36619,69967,42,57,83751,61667,548,607,0
10,3,35844,24500,34578,22903,42,36,39094,41534,483,395,1
36,31,69883,67225,99470,92209,103,110,131103,122882,958,952,1
24,24,48369,49037,66404,67717,58,70,90745,87715,662,683,1
26,18,50468,40144,74960,66991,64,64,94529,88482,696,656,1
30,11,43702,32402,52687,40987,57,48,63896,66990,634,503,1
44,13,55505,39009,98582,67496,69,52,101310,116085,713,580,1
30,29,63612,69919,113299,106450,127,109,130652,147834,916,964,0
11,4,38405,27722,46540,29455,45,44,42935,54725,532,469,1
23,22,45804,40302,68809,56391,56,62,72904,89091,665,603,1
9,30,28035,38108,41092,52335,39,38,66210,62974,436,509,0
24,10,49719,35474,52944,32228,55,55,56694,70616,690,630,1
26,17,52066,40835,70897,55902,67,52,83054,89356,764,645,1
6,6,43360,31423,54538,45291,42,45,65871,69620,599,528,1
29,29,63211,60740,95037,86672,83,80,118178,114608,902,832,1
5,9,49480,59243,58764,89844,85,87,111484,83026,758,864,0
27,20,57706,48523,74829,52726,80,100,80838,93917,905,817,1
13,31,42180,56752,57482,74291,60,87,93230,84291,738,778,0
28,19,54802,46739,79576,61245,76,72,86384,100777,720,747,1
37,30,68292,60306,102910,99086,83,105,132519,127783,806,828,1
16,32,60844,72325,115703,96179,106,143,122566,156364,1011,1114,0
40,18,56638,42151,71939,58531,65,67,84872,85746,731,584,1
31,17,60547,48846,90625,74597,69,80,103586,113134,930,781,1
14,24,43006,53172,52238,63425,77,65,81345,72448,700,817,0
18,5,44867,34841,41437,32483,60,56,55294,57518,787,653,1
11,32,33745,45396,49766,65214,35,58,81508,78032,524,537,0
28,14,53502,42366,65836,43480,59,77,72242,83940,783,717,1
19,24,51861,66557,59794,97561,91,104,120380,87477,861,992,0
5,10,26563,28920,19497,27943,45,43,39899,30506,503,520,0
37,23,61160,52447,98651,81865,83,59,123655,118010,815,695,1
9,7,46522,57810,49298,69636,70,58,96459,80797,861,855,0
20,32,68694,76178,136743,110842,108,136,144721,166447,1142,1112,0
20,32,45185,53549,58929,65352,62,67,81015,81816,630,688,0
29,12,55307,45085,76669,47231,80,62,74622,95648,812,807,1
7,22,35968,48163,47235,64201,54,59,83395,73930,665,753,0
10,24,36154,47809,34761,62285,66,58,74191,53787,580,738,0
33,13,56768,45576,75208,43435,70,70,65300,101392,765,800,1
6,28,32306,43498,41561,56569,50,54,68741,67243,576,677,0
34,18,56822,46749,78446,60948,64,81,82024,97366,791,743,1
14,25,43366,57617,49008,65956,74,107,83754,85338,801,838,0
11,25,36740,42936,51378,58870,63,60,72287,69779,606,619,0
32,23,64766,55245,92960,77652,110,106,108054,114097,991,810,1
39,12,54260,34722,77337,49730,50,51,74708,89832,631,516,1
40,16,60500,48302,98019,60000,61,88,93296,122682,805,713,1
44,19,51046,37579,68363,41830,59,66,58951,79144,529,455,1
14,37,39502,51616,50499,84287,50,55,96452,85271,580,719,0
17,25,45305,60260,61173,79338,95,70,98929,97174,750,986,0
22,10,35327,28696,40451,30618,50,37,49762,55443,527,474,1
40,22,67578,51694,102395,77054,91,92,114655,119911,960,729,1
22,9,49513,38086,54509,42043,63,59,67544,72234,727,725,1
13,28,44647,56355,48795,64585,74,67,81493,77060,788,886,0
16,41,39862,48356,46732,66120,47,40,83654,75613,552,546,0
26,12,55306,41078,71391,42947,67,56,74550,88017,727,653,1
30,19,59402,55296,76084,79795,90,86,115379,100575,881,896,1
31,16,63742,49880,95167,76448,96,88,115177,114875,922,822,1
25,10,52953,40537,68566,38430,73,70,65827,88028,776,750,1
13,26,41416,53149,48159,71927,50,56,90484,74222,679,783,0
37,31,60732,59947,104627,110431,86,93,141232,139094,731,789,0
4,13,61102,49078,99094,69391,101,79,99799,116171,939,792,1
2,3,53964,46297,61271,41643,92,86,62398,89935,855,892,1
12,21,34145,42735,45245,47915,45,46,63913,68478,591,702,0
29,16,50701,42073,64415,58589,71,58,81586,80654,739,704,1
14,29,48056,60527,61025,91268,98,100,116103,87839,860,868,0
7,13,31485,35744,22997,44310,39,44,56631,39405,592,591,0
17,9,49431,40422,58468,30661,69,95,61537,75720,757,705,1
20,10,52863,41580,57959,43071,89,99,71467,80461,834,773,1
25,18,62085,54281,85250,58115,97,104,83298,112577,957,880,1
31,26,59612,63815,89199,96754,84,104,118473,120355,921,951,0
9,2,36604,27464,33002,26296,49,44,43568,50931,533,467,1
28,17,56598,43012,68507,65054,60,51,91589,85808,846,655,1
20,17,62318,53390,80971,58376,78,85,91665,107276,1034,896,1
11,22,37070,47612,45924,55614,64,64,71418,70321,646,678,0
6,4,49643,58868,69466,77584,83,98,96504,93421,830,886,0
28,45,83184,89213,129392,136559,164,165,159571,174813,1200,1274,0
20,10,51752,41965,67229,35774,90,58,60555,85676,788,778,1
32,21,57482,53172,92748,67489,84,104,99763,116486,742,797,1
24,38,55992,63126,91115,97626,69,79,126717,126284,840,860,0
18,39,40040,53125,58434,81596,58,54,99831,83724,564,704,0
5,2,36925,31693,42592,37592,54,46,53963,59966,517,525,1
7,27,48092,58692,85341,76649,68,87,97846,112489,852,860,0
22,4,50186,37223,43346,31238,79,83,50021,60997,770,745,1
30,16,55733,42105,96237,46984,76,59,68885,113933,770,655,1
30,15,55904,47968,60341,65215,90,100,91860,80287,837,853,1
30,13,45629,34046,66585,45259,45,45,72558,83628,617,556,1
26,17,57238,46998,77093,64781,98,77,89301,96812,783,808,1
14,35,41335,54455,35012,65841,98,66,78437,62459,643,640,0
21,30,52427,61954,89863,92865,81,101,114548,131992,767,942,0
33,16,50876,36226,66120,53955,56,42,75700,83967,645,583,1
15,8,32718,27923,30915,33575,39,43,48841,45990,531,433,1
19,26,47341,54705,65397,68732,74,81,91386,94046,761,883,0
28,16,65673,55322,101991,69304,137,131,108003,131234,1061,951,1
17,19,48717,54336,67257,70390,87,110,103487,102570,856,801,0
29,23,55955,48325,93617,74604,91,76,116060,116470,750,687,1
33,11,59732,43726,88708,54061,77,76,86459,114153,843,792,1
13,34,43490,54774,55666,65481,67,62,90268,83444,764,735,0
36,12,54317,40581,86853,51624,66,58,80026,105416,738,638,1
9,17,45833,49245,36912,48218,74,96,69557,60345,931,861,0
48,32,77234,66653,130264,124146,111,141,159298,151020,1007,970,1
26,37,59196,66924,89263,123264,130,93,149775,116997,808,965,0
31,19,51001,41677,63425,52987,63,55,74230,80073,716,594,1
12,33,40872,56472,45937,74064,58,59,92083,72689,705,727,0
35,26,71109,60620,125997,122188,104,137,163223,156916,977,936,1
38,21,63092,48677,103733,82705,80,82,117213,126081,805,736,1
18,18,53581,53285,59574,67390,100,81,94931,83084,890,876,1
35,37,71688,77557,116595,147446,97,78,175319,163219,1145,1057,0
35,34,69475,65085,140353,111226,132,95,140584,174548,1002,1006,1
10,17,41201,43382,47170,46700,61,82,65695,67754,747,740,0
23,20,59319,51972,91584,59696,80,114,83382,117684,861,847,1
17,2,44713,29954,49490,30528,63,68,53842,63828,734,634,1
32,30,76011,77653,107785,117308,155,129,149328,137482,1193,1198,0
32,17,60012,47037,82287,59518,64,79,83786,100213,896,785,1
9,21,34044,43619,34626,39953,41,53,57732,56803,635,701,0
30,16,56389,44009,69911,54380,67,75,84254,87722,862,761,1
18,12,45213,39577,58021,47699,81,63,73052,74524,709,657,1
18,32,44085,59819,58911,80961,66,94,101938,88513,756,766,0
18,23,60665,56154,81963,68503,113,83,95739,108372,1007,917,1
7,20,33947,49369,37266,53064,56,50,68606,57637,635,731,0
29,26,55482,53805,80713,77784,68,63,102624,102365,732,772,1
32,29,63320,57222,113628,91799,83,87,123134,135318,869,892,1
23,34,61955,64230,90789,103643,111,95,129306,121354,1004,930,0
14,31,34662,45453,40472,46371,44,65,61869,59879,569,690,0
23,20,62720,72310,87406,77678,122,128,104243,120198,1118,1225,0
16,29,48325,55462,55980,72228,101,82,90444,78187,836,833,0
9,28,35721,45294,49863,51827,72,70,68210,67032,640,688,0
35,16,53916,41246,77972,60807,66,80,86496,101217,768,713,1
10,31,58338,64947,97249,85164,126,96,115545,129923,1023,1001,0
2,5,33968,45489,46314,64757,50,74,82013,66950,534,616,0
41,19,58144,49120,108524,76444,106,91,105474,134284,717,722,1
28,6,54847,38536,52024,39283,76,54,65248,71266,817,736,1
28,22,58882,49433,94442,75144,70,65,101323,117533,778,690,1
28,36,58330,68982,72419,91161,88,106,115306,105614,821,938,0
21,24,64253,66584,86167,90962,138,103,123500,114177,1112,1019,0
11,25,33924,43503,44853,52239,73,45,62079,62631,575,614,0
15,23,41825,47127,55304,64253,72,86,85492,77138,714,718,0
44,24,78842,65356,119363,101964,140,110,135674,147369,1135,972,1
25,12,57550,49281,69965,58345,92,88,86486,95929,816,915,1
30,16,72164,59486,100658,72518,121,123,104094,129663,1042,1011,1
36,15,55504,39800,64257,48841,61,54,71832,84241,720,582,1
28,14,49102,38243,60349,45511,73,91,64997,81968,687,644,1
37,32,77350,64920,131999,115514,93,88,149085,169052,1049,951,1
38,19,71041,56409,103920,77631,99,93,124023,124407,990,907,1
11,23,38374,47501,45925,56964,61,63,82112,70294,694,763,0
31,28,70772,59152,104128,76295,117,137,116988,128805,1101,915,1
11,27,29592,44462,39087,49610,39,53,64724,54490,463,561,0
32,25,72249,64277,104864,97662,87,99,126860,138511,1005,1028,1
27,18,71751,67278,105163,60688,131,117,110689,135116,1132,1046,1
28,19,66947,54005,82621,79391,95,115,117385,103386,1048,865,1
23,17,62298,60446,76967,60856,99,115,88805,110808,975,1093,1
25,13,42108,35970,47585,34089,59,47,55571,64248,653,588,1
40,13,52128,35137,72718,44975,43,70,75098,85466,727,472,1
37,22,59127,49300,88256,90122,59,88,120333,104718,834,702,1
29,16,55093,42106,77019,65002,65,69,101492,91635,798,600,1
13,32,31565,41566,53914,61500,40,51,72248,70761,515,553,0
31,31,69519,74503,108744,115274,105,112,141463,145089,1137,1063,0
22,41,71722,91241,122109,130172,120,128,162006,166375,1146,1334,0
18,24,45034,50775,65574,69046,65,62,87910,91544,774,739,0
32,8,36272,24290,51519,27321,36,30,45337,59922,454,386,1
31,28,72949,64667,110701,96861,103,107,141098,136079,1087,994,1
32,20,57276,49534,88852,71121,66,71,95655,112435,805,786,1
13,29,40773,53622,56827,70050,55,62,87197,85678,662,737,0
12,5,59581,45385,82787,69802,73,74,98332,100034,745,605,1
20,25,51889,61552,80412,79863,71,101,106303,113718,784,926,0
21,24,41667,45425,50517,63574,56,75,83115,71125,669,629,0
32,19,56706,45158,74226,47970,65,56,73919,98982,726,711,1
8,24,32473,46498,41668,49115,62,57,62351,60338,596,684,0
29,21,54893,41563,82346,52219,71,82,79644,102206,802,595,1
7,38,27196,47056,26890,54522,39,51,63206,55480,376,575,0
26,18,63820,55140,76324,66671,103,103,99053,105437,1029,909,1
15,32,41475,60171,57547,99168,68,69,117021,87653,644,856,0
34,21,53797,45388,83414,60340,59,72,84815,101720,701,635,1
44,27,58526,46774,103193,80613,45,59,115369,120214,696,644,1
6,22,22636,34724,25987,37257,35,27,49882,40602,373,479,0
26,19,44627,37571,50277,44817,53,62,63373,65768,622,575,1
27,12,49924,37528,60699,34373,64,46,59861,80051,691,621,1
12,23,30371,37909,36073,50032,53,42,64845,46246,467,466,0
13,7,70338,79234,114886,117784,120,91,140894,152132,943,1036,0
27,14,50127,38942,53783,54393,63,58,69943,70294,736,617,1
24,35,51265,64437,68745,107467,84,94,126300,102039,790,837,0
26,26,59580,65760,76578,85261,112,93,108798,103828,883,946,0
12,22,45336,52744,45889,50535,71,72,71705,67558,756,814,0
32,17,71940,61155,103762,99732,95,106,128458,135971,1047,1085,1
15,34,40810,59103,47246,85330,59,68,105015,68541,665,749,0
34,35,89872,87827,134437,127566,151,134,157489,171195,1343,1324,1
34,16,54797,46543,95077,86661,65,71,112877,120300,762,677,1
33,18,57108,48230,69659,66482,67,96,99050,85476,712,709,1
20,32,62048,75928,107801,99327,153,105,122030,150364,951,1273,0
13,37,45996,57221,70295,73441,87,64,90021,96510,779,740,0
17,9,35715,26096,40815,27775,42,31,45366,52345,567,439,1
12,30,42714,53902,47673,80324,84,69,95496,78398,740,726,0
41,30,67801,60785,112630,94182,87,90,126913,139321,878,928,1
